{
    "width": 640,
    "height": 480,
    "fps":60,
    "ret": 2.284354814151111,
    "mtx": [
        [
            669.7613492060203,
            0.0,
            364.4753234399316
        ],
        [
            0.0,
            669.8613114032922,
            225.1464163099633
        ],
        [
            0.0,
            0.0,
            1.0
        ]
    ],
    "dist": [
        [
            0.0989927209818212,
            -0.342637040226173,
            0.0017076322577684816,
            0.014470228121443043,
            1.060251384251513
        ]
    ],
    "rvecs": [
        [
            [
                -0.0570178467520834
            ],
            [
                -0.08034649598459474
            ],
            [
                -1.605936637726078
            ]
        ],
        [
            [
                -0.5896382224388165
            ],
            [
                -0.5397466210758416
            ],
            [
                -1.532218439776293
            ]
        ],
        [
            [
                -0.7654309917701252
            ],
            [
                0.5430006482620978
            ],
            [
                -1.5664008018916997
            ]
        ],
        [
            [
                -1.1706654133645413
            ],
            [
                0.15659820767128213
            ],
            [
                -1.313695203575483
            ]
        ],
        [
            [
                -1.1244651364787022
            ],
            [
                0.23035153683374768
            ],
            [
                -1.3056356244353158
            ]
        ],
        [
            [
                0.7630309033457875
            ],
            [
                -0.40468569671819243
            ],
            [
                -1.2914263235721182
            ]
        ],
        [
            [
                0.4741773980559868
            ],
            [
                -0.9021598445196242
            ],
            [
                -1.4573972734359717
            ]
        ],
        [
            [
                -0.6761461612586979
            ],
            [
                -0.8569154883776159
            ],
            [
                -1.5200776774975753
            ]
        ],
        [
            [
                0.7301030325037113
            ],
            [
                -0.17968837430025195
            ],
            [
                -1.3279178567309202
            ]
        ],
        [
            [
                0.4387347108695682
            ],
            [
                0.27506796853204946
            ],
            [
                -1.5391110775509549
            ]
        ],
        [
            [
                -0.02896635241027591
            ],
            [
                0.752151688407221
            ],
            [
                -1.7393530388629777
            ]
        ],
        [
            [
                -1.0758728033427563
            ],
            [
                0.8800493829783452
            ],
            [
                -1.436060672845192
            ]
        ],
        [
            [
                0.796450916013566
            ],
            [
                -1.036896294314022
            ],
            [
                -1.2716272234638404
            ]
        ]
    ],
    "tvecs": [
        [
            [
                -4.807384854605074
            ],
            [
                3.808276982518866
            ],
            [
                20.228869900336235
            ]
        ],
        [
            [
                -4.321586434412802
            ],
            [
                3.5557404830926376
            ],
            [
                17.59262420673693
            ]
        ],
        [
            [
                -2.9494471544593757
            ],
            [
                4.091137001160765
            ],
            [
                21.84767743717529
            ]
        ],
        [
            [
                -4.567613653587097
            ],
            [
                5.029495038376845
            ],
            [
                20.814870987948456
            ]
        ],
        [
            [
                -4.2364133185995865
            ],
            [
                4.091791781166652
            ],
            [
                21.188164524421
            ]
        ],
        [
            [
                -1.5440744181408315
            ],
            [
                3.740604302839735
            ],
            [
                19.50877948295457
            ]
        ],
        [
            [
                -0.21037176045430248
            ],
            [
                2.8784740234327115
            ],
            [
                16.10000288444905
            ]
        ],
        [
            [
                -2.2272734219671535
            ],
            [
                3.518072248643026
            ],
            [
                15.351672452954746
            ]
        ],
        [
            [
                -2.0202025195409736
            ],
            [
                3.417785229503351
            ],
            [
                16.645482237950944
            ]
        ],
        [
            [
                -2.8040253962022423
            ],
            [
                3.7309903023563766
            ],
            [
                17.882954471289537
            ]
        ],
        [
            [
                -2.897559917409106
            ],
            [
                4.044315411230678
            ],
            [
                19.874580703190922
            ]
        ],
        [
            [
                -1.3528336108508294
            ],
            [
                3.7630991601241695
            ],
            [
                21.47138914286795
            ]
        ],
        [
            [
                -1.0742548172440818
            ],
            [
                3.183307434814627
            ],
            [
                16.82033455177834
            ]
        ]
    ]
}